run,epoch,train_loss,train_mae,val_mae,val_rmse
1,1.0830403725802897,0.6618609783053399,0.3698111572265625,0.47507693339021023
2,0.1653495012372732,0.31384250473976133,0.2266083722114563,0.29064837843683616
3,0.09357370737195014,0.2360526961684227,0.2020073961019516,0.2608188772397717
4,0.05702669633924961,0.18267055091261863,0.17426024174690247,0.22751566184545083
5,0.05572104693204165,0.182292322576046,0.15287074875831605,0.1996309575545669
6,0.052877668187022206,0.17687531742453574,0.17111508119106292,0.2221291425377171
7,0.04551527586579323,0.16320138582587243,0.13854505217075347,0.18155602246612018
8,0.051571778118610384,0.17332963621616362,0.17593542933464051,0.22511917011447685
9,0.040462277613580226,0.1527112691104412,0.13903939986228944,0.18325957967743076
10,0.03455572520196438,0.1411436959207058,0.12895171689987184,0.17012231654812338
11,0.028532604310661555,0.12856256902217866,0.12475543129444122,0.1633061593507729
12,0.025549392353743313,0.12174869325757026,0.11734646344184875,0.1548460657271859
13,0.027043808281421663,0.12441965252161026,0.13042253017425537,0.17007345625112136
14,0.022711637277156114,0.11522101616859436,0.12284338390827179,0.15819821790455224
15,0.02038201137073338,0.1094925103187561,0.1115506808757782,0.14766412502057616
16,0.020486955281347037,0.10752214193344116,0.11280635392665864,0.15038031991108405
17,0.017121126919984818,0.09988555958867074,0.1191052725315094,0.15692104662127976
18,0.01458402220904827,0.09238708499073982,0.10571722269058227,0.13891276495537624
19,0.013143809074535965,0.0875506778806448,0.10888127315044403,0.1423547584723858
20,0.012027413666248321,0.08474836029112338,0.10585545587539673,0.1399584081720938
21,0.009340260965749622,0.0750779138058424,0.10978105092048646,0.14823783948550479
22,0.009215663723647594,0.07395109435915947,0.10713091111183166,0.13933281001203007
23,0.009028054893016816,0.07347170734405517,0.108175940990448,0.14154268606101625
24,0.009434312015771867,0.07490837717056274,0.10297108888626098,0.13513386607174285
25,0.007062303937040269,0.0645021830946207,0.11346494793891906,0.15083676447794525
26,0.005930648418609053,0.05977053046226501,0.10097385561466217,0.133141660856621
27,0.005351508931256831,0.05650052487850189,0.11262306892871857,0.14885970203695673
28,0.008134644536301494,0.06917393264174461,0.11665410256385803,0.15505016987774992
29,0.005852745643816888,0.059365926146507264,0.11296462392807007,0.14861604382918586
30,0.005465988120995462,0.057372885674238205,0.10115408372879028,0.13412060898759462
31,0.00549305082205683,0.057239959925413135,0.10969096839427948,0.14457518007896195
32,0.00494317099172622,0.05418577727675438,0.09760015213489533,0.1284124802261422
33,0.004029445278458298,0.04947241371870041,0.0996748423576355,0.1331565565218975
34,0.003978559625335038,0.04893887910246849,0.09544494795799255,0.12711546445443903
35,0.004687024557031691,0.053359140366315845,0.09755759131908416,0.12929538207330304
36,0.0038874957086518407,0.048276175633072856,0.09625741267204285,0.12832532573876357
37,0.0034533501458354292,0.04541803499311209,0.09487440240383148,0.12590743624217615
38,0.003713408352341503,0.04710754892230034,0.09699543273448943,0.12689929419502352
39,0.003500453588552773,0.04600751366466284,0.09414147388935089,0.1251714275982101
40,0.004162210360635072,0.04970716971158981,0.10989941549301148,0.14378070389366782
omat24_muon,1,1.365191437870264,0.7389151847958565,0.3877584118843079,0.47950533784753296
omat24_muon,2,0.1948233355358243,0.3427978745996952,0.2823912529945374,0.36158223123874056
omat24_muon,3,0.15107608424127103,0.3012399702072144,0.3304263825416565,0.4116136303063269
omat24_muon,4,0.11154573044925928,0.25743249344825747,0.283435373544693,0.3549924886943114
omat24_muon,5,0.09715733878687025,0.24108667838573455,0.21021127343177795,0.2672641577258028
omat24_muon,6,0.08138878834247588,0.2202061706185341,0.2201014528274536,0.2791725150724595
omat24_muon,7,0.07178582639992237,0.20674669268727303,0.1777852340936661,0.22775686234804074
omat24_muon,8,0.06453124102205038,0.19612437658011914,0.1992934854030609,0.2599464661248123
omat24_muon,9,0.057789332631975415,0.18481265561282634,0.16518474781513215,0.21633124466696213
omat24_muon,10,0.05242300362512469,0.17648634639382363,0.1807124722003937,0.2360553915545771
omat24_muon,11,0.05413706995546818,0.17987146535515786,0.15800080120563506,0.2057261889197938
omat24_muon,12,0.04872073240205645,0.16933190448582172,0.15826163280010225,0.20870409022384565
omat24_muon,13,0.04833001024276018,0.16863032008707524,0.15859924590587615,0.2044305230760425
omat24_muon,14,0.04435353182069957,0.16154089479148387,0.20658610701560975,0.26396025625088976
omat24_muon,15,0.04228856039606035,0.15764590302109718,0.1464248789548874,0.19214022380585022
omat24_muon,16,0.041205026699230075,0.1552072260528803,0.15482758152484893,0.20157436542924428
omat24_muon,17,0.04040571894310415,0.15372552372515202,0.1674174861907959,0.21181582185656708
omat24_muon,18,0.037708661112934354,0.14843956965208055,0.1583830612897873,0.20375074895475379
omat24_muon,19,0.037345440840348604,0.14788441415131093,0.15167274987697602,0.1944222945604501
omat24_muon,20,0.036427075928077104,0.14536767126619815,0.13996617937088013,0.18570687633251254
omat24_muon,21,0.03533753357082605,0.14297968186438084,0.14435993480682374,0.19082469064459306
omat24_muon,22,0.03345345667563379,0.13951326283812523,0.13776051652431487,0.17965875777204413
omat24_muon,23,0.03271413830853999,0.13782207010686398,0.14662031328678132,0.18986962593401696
omat24_muon,24,0.03257932005263865,0.13723122879862784,0.14056984341144563,0.18492506055904406
omat24_muon,25,0.03153125829994678,0.13542267437279223,0.13636011624336242,0.17718323207101694
omat24_muon,26,0.03093329442292452,0.13362591941654683,0.1555657744407654,0.1995690455445957
omat24_muon,27,0.02994289655610919,0.13108493681252004,0.1272781994342804,0.1669911654703197
omat24_muon,28,0.029895478673279286,0.13167988914251327,0.13157943141460418,0.17652382207576614
omat24_muon,29,0.02940174322761595,0.13076097150146962,0.12990676188468933,0.16958191452987162
omat24_muon,30,0.028321384573355316,0.12715989346802234,0.12754096949100494,0.16836293612827335
omat24_muon,31,0.027065841941162943,0.12463763062655926,0.13246470856666565,0.17200064483891805
omat24_muon,32,0.027862300492823126,0.12712791109085084,0.13560043382644654,0.1760258395418112
omat24_muon,33,0.02600123269483447,0.12139592064917087,0.12720034873485564,0.1685681535948808
omat24_muon,34,0.026253080239519475,0.12234427739679814,0.13073019123077392,0.17078197888308658
omat24_muon,35,0.025407943711616098,0.1200508982539177,0.12684876883029939,0.16720859519281456
omat24_muon,36,0.02443042233400047,0.11837387569248677,0.13831644892692566,0.1821505875760187
omat24_muon,37,0.025423852583393455,0.12071858920902014,0.12260139703750611,0.16079205153265083
omat24_muon,38,0.023948937883600592,0.11672922675311566,0.12317377591133118,0.16099670112936784
omat24_muon,39,0.0242671394944191,0.11813097779452801,0.13995354688167572,0.17874824809836476
omat24_muon,40,0.023404127238318324,0.11584207957983017,0.12299109351634979,0.16074052200288869
omat24_muon_no_ortho,1,1.343976974964142,0.7250106354057789,0.30418931746482847,0.39144769856474027
omat24_muon_no_ortho,2,0.17373758247494697,0.32514785522222517,0.28168451189994814,0.36020001755766795
omat24_muon_no_ortho,3,0.14790156968683005,0.2976516258120537,0.3171047880649567,0.3978811541616774
omat24_muon_no_ortho,4,0.11481712903827429,0.26273231181502343,0.22705104076862334,0.2920625491894273
omat24_muon_no_ortho,5,0.09950023597478866,0.24374552974104882,0.19973361599445344,0.2574878781669088
omat24_muon_no_ortho,6,0.08941922817006707,0.23099666552245618,0.2219484145641327,0.2906189457457602
omat24_muon_no_ortho,7,0.07196885143965483,0.20710863319039344,0.1978362317085266,0.2539691119505353
omat24_muon_no_ortho,8,0.06484901484847069,0.19580844751000404,0.19332137203216554,0.2524369639258514
omat24_muon_no_ortho,9,0.06318726535886526,0.19320739068090917,0.22079667830467223,0.27525242902461794
omat24_muon_no_ortho,10,0.05262199310213327,0.17703885008394718,0.21180636703968048,0.2685431139307455
omat24_muon_no_ortho,11,0.053631679713726045,0.17968884833157062,0.16947294354438783,0.2191295489743753
omat24_muon_no_ortho,12,0.05013474415428937,0.1712127972394228,0.15921017992496492,0.20655210448637912
omat24_muon_no_ortho,13,0.047076322123408315,0.16651749131083488,0.16477856969833374,0.2144245688042581
omat24_muon_no_ortho,14,0.04575175453722477,0.1640645187050104,0.1649669108390808,0.2157947427783641
omat24_muon_no_ortho,15,0.04457883880659938,0.1622630541473627,0.18225673866271971,0.2328014996509204
omat24_muon_no_ortho,16,0.04298003892600536,0.1585802079886198,0.14858050775527953,0.1971351364180783
omat24_muon_no_ortho,17,0.03961892722547054,0.15241459086537362,0.15867713618278503,0.2012935804337155
omat24_muon_no_ortho,18,0.0387420985661447,0.1503880070447922,0.24095467722415925,0.29112421659541915
omat24_muon_no_ortho,19,0.03874563676863909,0.15046840761601926,0.14645873677730561,0.19055895955114552
omat24_muon_no_ortho,20,0.03676161718554795,0.14631927734613417,0.14484730279445648,0.18948912461384168
omat24_muon_no_ortho,21,0.034856489950791,0.14163007366657257,0.1474027714729309,0.19453361471493025
omat24_muon_no_ortho,22,0.03306761258654296,0.13827380050718785,0.1327973642349243,0.1742681597451177
omat24_muon_no_ortho,23,0.03512598345801234,0.14321563765406609,0.13719786083698274,0.17900012289607767
omat24_muon_no_ortho,24,0.03245956122875213,0.13684434875845908,0.13459547531604768,0.17758579092433802
omat24_muon_no_ortho,25,0.0321835576724261,0.13728992244601249,0.13836946523189544,0.1798603750477298
omat24_muon_no_ortho,26,0.03179288072884083,0.13594105173647403,0.1335036849975586,0.1750346895304595
omat24_muon_no_ortho,27,0.029693393858149647,0.13131442135572433,0.12417837452888489,0.164424294325341
omat24_muon_no_ortho,28,0.030186928052455188,0.13265744349360467,0.1289990051984787,0.17274885326562464
omat24_muon_no_ortho,29,0.029774737188592554,0.1308272513896227,0.1315173727273941,0.17183057999979612
omat24_muon_no_ortho,30,0.028640741316601635,0.12830575519800186,0.13188052344322204,0.17311584970930083
omat24_muon_no_ortho,31,0.027299154056236147,0.12502665784955025,0.12890480387210845,0.17012072711682677
omat24_muon_no_ortho,32,0.02829563142545521,0.12821592643857002,0.12904169368743895,0.16967748667746926
omat24_muon_no_ortho,33,0.026713577209040523,0.12350823234021664,0.1277808017730713,0.17008983396528327
omat24_muon_no_ortho,34,0.026777317283675075,0.12355750328302384,0.13560243260860444,0.1775850166463738
omat24_muon_no_ortho,35,0.02575315485149622,0.12092547783255578,0.17137331676483153,0.21624066728232375
omat24_muon_no_ortho,36,0.024606131085194646,0.11887979309260845,0.13492045414447784,0.17785854181796434
omat24_muon_no_ortho,37,0.024581117272377013,0.11859860521554946,0.135390527844429,0.1774615662731776
omat24_muon_no_ortho,38,0.02524275340884924,0.11987637789547444,0.13147045230865478,0.17281722612454445
omat24_muon_no_ortho,39,0.0248644801620394,0.11979326252639294,0.15060295617580413,0.1892875012711207
omat24_muon_no_ortho,40,0.023099268748424946,0.11491756801307201,0.12844858849048615,0.16957400754019253
omat24_smoketest,1,4.0925177251214215,1.5811312379347375,0.6173283961212751,0.7669896404673335
omat24_smoketest,1,4.0925177251214215,1.5811312379347375,0.6173283961212751,0.7669896404673335
omat24_smoketest,1,6.886213318934359,2.105387354246853,1.4773246431813656,1.7780339403427994
omat24_smoketest,1,6.886211032680894,2.105386999825102,1.4773285504683709,1.7780378771498506
omat24_smoketest,1,6.886211032680894,2.105386999825102,1.477328513432475,1.7780379240165487,1.477328513432475,0.0,0.0
omat24_baseline,1,1.1262363604009151,0.6865689881443977,0.34347827100753786,0.4456033977232188,0.34347827100753786,0.0,0.0
omat24_baseline,2,0.178211998462677,0.32419848316907884,0.30858104133605957,0.39414242565397767,0.30858104133605957,0.0,0.0
omat24_baseline,3,0.08663373383134604,0.2273790802359581,0.16307078516483306,0.21533968998789693,0.16307078516483306,0.0,0.0
omat24_baseline,4,0.06644843617081642,0.19721923613548278,0.15298333966732025,0.20143763737077613,0.15298333966732025,0.0,0.0
omat24_baseline,1,1.069927427381277,0.6521802245378494,0.33270390844345094,0.42004931580431376,0.33270390844345094,0.0,0.0
omat24_baseline,5,0.0564970977678895,0.18152492251992225,0.23809909307956695,0.28839421671817267,0.23809909307956695,0.0,0.0
omat24_baseline,2,0.2280147746950388,0.3695492581129074,0.1947565439939499,0.25844342844204754,0.1947565439939499,0.0,0.0
omat24_baseline,6,0.04775504066795111,0.16691210141777993,0.15729666769504547,0.20137629243263108,0.15729666769504547,0.0,0.0
omat24_baseline,3,0.09646869027614594,0.2391893329024315,0.1929669270515442,0.24650367600793152,0.1929669270515442,0.0,0.0
omat24_muon,1,1.3595346318632364,0.7317542190551758,0.4098106698989868,0.513837065732757,0.4098106698989868,0.0,0.0
omat24_muon_no_ortho,1,1.3182529083788395,0.7040709333717823,0.3834086433649063,0.47421718515455297,0.3834086433649063,0.0,0.0
omat24_muon_firstk,1,0.689395623922348,0.5261267612576485,0.32255810308456423,0.40889138987341855,0.32255810308456423,0.0,0.0
omat24_baseline,7,0.04488311622291803,0.16235513392090797,0.13816070222854615,0.17981078110835602,0.13816070222854615,0.0,0.0
omat24_baseline,4,0.0722915078997612,0.20834484446048737,0.16632707643508912,0.2136799090058866,0.16632707643508912,0.0,0.0
omat24_muon,2,0.17816467530280353,0.3291857266128063,0.26814593648910523,0.34781850187567626,0.26814593648910523,0.0,0.0
omat24_muon_no_ortho,2,0.21015967708826064,0.3569411722421646,0.2548804135322571,0.32697547909100483,0.2548804135322571,0.0,0.0
omat24_muon_firstk,2,0.13350569063425063,0.2807884223163128,0.21608984816074372,0.28222484458743685,0.21608984816074372,0.0,0.0
omat24_baseline,8,0.03532465825602412,0.14379431509971619,0.1370640347003937,0.18048527662560432,0.1370640347003937,0.0,0.0
omat24_baseline,5,0.06777571711689234,0.20094073581695557,0.20560924673080444,0.2591118932740911,0.20560924673080444,0.0,0.0
omat24_baseline,9,0.038383689910173414,0.14893332928419112,0.14119495272636415,0.18834266033082084,0.14119495272636415,0.0,0.0
omat24_muon,3,0.13562283077836038,0.28570173355937006,0.2606897076368332,0.33531843205063766,0.2606897076368332,0.0,0.0
omat24_muon_no_ortho,3,0.1477891445532441,0.2978559027612209,0.3426843800544739,0.42768364508805173,0.3426843800544739,0.0,0.0
omat24_muon_firstk,3,0.08827197203785181,0.22507460513710975,0.1703395723104477,0.22141499618506236,0.1703395723104477,0.0,0.0
omat24_baseline,6,0.06468912462890149,0.19723821598291397,0.17039066636562347,0.22718933714710207,0.17039066636562347,0.0,0.0
omat24_baseline,10,0.02793849965184927,0.1268430114686489,0.21450816655158997,0.26867315857212665,0.21450816655158997,0.0,0.0
omat24_muon,4,0.12136425627022981,0.27035443431138995,0.2391614669561386,0.3042248188348037,0.2391614669561386,0.0,0.0
omat24_muon_no_ortho,4,0.11389254645258189,0.2616710778772831,0.2924720940589905,0.3635915586817813,0.2924720940589905,0.0,0.0
omat24_muon_firstk,4,0.06887056298553944,0.20278297029435635,0.18126795864105225,0.24058021692212708,0.18126795864105225,0.0,0.0
omat24_baseline,7,0.04915061798691749,0.16962179619073867,0.1330141761302948,0.1743501542278031,0.1330141761302948,0.0,0.0
omat24_baseline,11,0.027553345542401075,0.12655611628293992,0.12945427215099334,0.17031748738117114,0.12945427215099334,0.0,0.0
omat24_muon,5,0.09601525785401463,0.24020387274026872,0.25044741535186765,0.3124290095757356,0.25044741535186765,0.0,0.0
omat24_muon_no_ortho,5,0.09917864900827408,0.24388301666080953,0.2050597389936447,0.2635527063150829,0.2050597389936447,0.0,0.0
omat24_muon_firstk,5,0.05830551684647799,0.18598350609838962,0.1787661147117615,0.2272984224207651,0.1787661147117615,0.0,0.0
omat24_baseline,8,0.048497624911367894,0.16565275424718856,0.14808584678173065,0.1895174482812828,0.14808584678173065,0.0,0.0
omat24_baseline,12,0.026829445157200097,0.1250026438832283,0.11813486123085022,0.1528471170115779,0.11813486123085022,0.0,0.0
omat24_muon_no_ortho,6,0.08490502932295203,0.22521772564947606,0.22433005964756011,0.28451950384170493,0.22433005964756011,0.0,0.0
omat24_muon,6,0.08396646402776241,0.22383562794327735,0.20112969267368316,0.25962579195988167,0.20112969267368316,0.0,0.0
omat24_muon_firstk,6,0.06248937440663576,0.19152866372466087,0.14949617934226989,0.19840181112378474,0.14949617934226989,0.0,0.0
omat24_baseline,13,0.023214950017631054,0.11649832397699356,0.11478493297100067,0.15174308440273274,0.11478493297100067,0.0,0.0
omat24_baseline,9,0.04624649474024772,0.1663441658914089,0.1386597639322281,0.18169962960346137,0.1386597639322281,0.0,0.0
omat24_baseline,14,0.02539714393019676,0.1210427919626236,0.12298083126544952,0.15963752190309946,0.12298083126544952,0.0,0.0
omat24_baseline,10,0.041412616420537236,0.1554119853079319,0.12895148146152496,0.1680934996325587,0.12895148146152496,0.0,0.0
omat24_muon_no_ortho,7,0.07801781878247857,0.21636286422610282,0.18451386976242065,0.2366631350007512,0.18451386976242065,0.0,0.0
omat24_muon,7,0.06906258236244321,0.2027328430712223,0.20047478079795839,0.25225161916697053,0.20047478079795839,0.0,0.0
omat24_muon_firstk,7,0.049668616078794005,0.17176328057050705,0.1539341037273407,0.19954567842884208,0.1539341037273407,0.0,0.0
omat24_baseline,15,0.01914151629433036,0.10577923059463501,0.11571489489078522,0.15276944726089503,0.11571489489078522,0.0,0.0
omat24_baseline,11,0.03803561521321535,0.15038643822073935,0.13635868644714355,0.18150640750509198,0.13635868644714355,0.0,0.0
omat24_muon_no_ortho,8,0.06444676013663411,0.19636439265310765,0.18745242762565612,0.24362252190896855,0.18745242762565612,0.0,0.0
omat24_muon,8,0.06314318845048547,0.19357868054509164,0.17549148213863372,0.228360747321146,0.17549148213863372,0.0,0.0
omat24_muon_firstk,8,0.0422329941559583,0.1580547038167715,0.14348768258094788,0.19150867298657934,0.14348768258094788,0.0,0.0
omat24_baseline,16,0.01942183612845838,0.10670401114225388,0.1068492649793625,0.1417047312615293,0.1068492649793625,0.0,0.0
omat24_baseline,12,0.03406057043001056,0.14138005024194716,0.11853189134597779,0.15501674859633968,0.11853189134597779,0.0,0.0
omat24_muon_no_ortho,9,0.059702618587762116,0.1891287305355072,0.19075513982772827,0.24890512840942636,0.19075513982772827,0.0,0.0
omat24_muon,9,0.05810990231484175,0.1865816429555416,0.18610614812374116,0.24699526802831479,0.18610614812374116,0.0,0.0
omat24_muon_firstk,9,0.039455564096570014,0.15197442844510078,0.16102770006656647,0.21370866308882866,0.16102770006656647,0.0,0.0
omat24_baseline,17,0.015287095323204995,0.09433945414423943,0.11528142619132996,0.15056139932834242,0.11528142619132996,0.0,0.0
omat24_baseline,13,0.02916108337044716,0.12928062218427658,0.18731921279430389,0.2357882809080475,0.18731921279430389,0.0,0.0
omat24_baseline,18,0.01576052656210959,0.09635746243596077,0.10505854785442352,0.13947075441199244,0.10505854785442352,0.0,0.0
omat24_muon_no_ortho,10,0.05600216525793075,0.18207949459552764,0.2509956724643707,0.3048860751850492,0.2509956724643707,0.0,0.0
omat24_muon,10,0.052461829528212545,0.17708998136222362,0.2215505611896515,0.2812415348474465,0.2215505611896515,0.0,0.0
omat24_muon_firstk,10,0.037684964939951895,0.14911515313386917,0.12782664966583251,0.16691994921594536,0.12782664966583251,0.0,0.0
omat24_baseline,14,0.028524852510541678,0.1299005871415138,0.11526828968524933,0.14956230822605476,0.11526828968524933,0.0,0.0
omat24_baseline,19,0.012071835106238722,0.08380978645384311,0.1042110607624054,0.13752106683992787,0.1042110607624054,0.0,0.0
omat24_muon_no_ortho,11,0.055841592233628036,0.18227673983573914,0.1647553424835205,0.21258103340287504,0.1647553424835205,0.0,0.0
omat24_muon,11,0.05213049730658531,0.17689292708039284,0.15902444195747376,0.20522377814506448,0.15902444195747376,0.0,0.0
omat24_muon_firstk,11,0.03454737844876945,0.14245999237895013,0.1815613065958023,0.23509013396624362,0.1815613065958023,0.0,0.0
omat24_baseline,15,0.022405507158488037,0.11385498422384262,0.11065749847888946,0.14519029395682592,0.11065749847888946,0.0,0.0
omat24_baseline,20,0.014640760714188218,0.09132265765964985,0.23245297288894654,0.2764381400645792,0.23245297288894654,0.0,0.0
omat24_muon_no_ortho,12,0.04967638398148119,0.17074956387281418,0.15848331105709076,0.2055923510056081,0.15848331105709076,0.0,0.0
omat24_muon_firstk,12,0.02985898957774043,0.13164252538979054,0.1149840852022171,0.1523357818182495,0.1149840852022171,0.0,0.0
omat24_muon,12,0.04801875802502036,0.16828459626436235,0.16324796652793885,0.21403285037007855,0.16324796652793885,0.0,0.0
omat24_baseline,16,0.019079001989215614,0.10481059029698372,0.11974046194553375,0.15547031689338286,0.11974046194553375,0.0,0.0
omat24_baseline,21,0.013630541243590415,0.0895390686094761,0.11335488712787628,0.1492517648493513,0.11335488712787628,0.0,0.0
omat24_baseline,17,0.022025977667421103,0.1139111485183239,0.11286953675746918,0.1471226343549726,0.11286953675746918,0.0,0.0
omat24_muon_no_ortho,13,0.04807205406576395,0.16815538588166237,0.1695271017551422,0.22196843711780492,0.1695271017551422,0.0,0.0
omat24_muon_firstk,13,0.028480643782764672,0.1293513074219227,0.16539907670021056,0.19883599271365465,0.16539907670021056,0.0,0.0
omat24_muon,13,0.048011625543236736,0.16829021640121936,0.15540193223953247,0.20114031860842663,0.15540193223953247,0.0,0.0
omat24_baseline,22,0.010456629574298859,0.07873452965915204,0.11954735887050628,0.15388369346537295,0.11954735887050628,0.0,0.0
omat24_baseline,18,0.01780930040590465,0.10155119505524636,0.10589549458026885,0.14111882309112825,0.10589549458026885,0.0,0.0
omat24_baseline,23,0.010544481426477433,0.07961656627058983,0.10892768096923829,0.14371850508361902,0.10892768096923829,0.0,0.0
omat24_muon_no_ortho,14,0.04515531261637807,0.1631225804388523,0.19366917407512665,0.24817241315393643,0.19366917407512665,0.0,0.0
omat24_muon_firstk,14,0.026629656307399274,0.12409041683375835,0.14639786565303803,0.18907069204253021,0.14639786565303803,0.0,0.0
omat24_muon,14,0.04531007086485624,0.16331493058800697,0.18504472148418427,0.23887450430792176,0.18504472148418427,0.0,0.0
omat24_baseline,19,0.020456004343926908,0.10791590273380279,0.11374928307533264,0.148653612423381,0.11374928307533264,0.0,0.0
omat24_baseline,24,0.007133729130029678,0.06577127923071384,0.10809984683990478,0.1442451746590548,0.10809984683990478,0.0,0.0
omat24_muon_no_ortho,15,0.04449538013152778,0.161941499710083,0.18743189430236817,0.23605953111213265,0.18743189430236817,0.0,0.0
omat24_muon_firstk,15,0.021170307143591343,0.11132346828281879,0.11247763526439666,0.14862928544219473,0.11247763526439666,0.0,0.0
omat24_muon,15,0.043060188159346584,0.15896248641610145,0.17356191384792327,0.22208722857863794,0.17356191384792327,0.0,0.0
omat24_baseline,25,0.006068622508086264,0.06052737358212471,0.12263491737842559,0.1584861258652922,0.12263491737842559,0.0,0.0
omat24_baseline,20,0.019029015958309175,0.10596868985891342,0.12948199093341828,0.16768487353548212,0.12948199093341828,0.0,0.0
omat24_muon_no_ortho,16,0.042674473930150274,0.15828940500319005,0.19333583879470825,0.245007678490613,0.19333583879470825,0.0,0.0
omat24_muon_firstk,16,0.022499447408132256,0.11466228000819684,0.11033631575107575,0.14540879878530702,0.11033631575107575,0.0,0.0
omat24_muon,16,0.040634901413694025,0.1546562765687704,0.170881742477417,0.22163247164391747,0.170881742477417,0.0,0.0
omat24_baseline,26,0.007645560511387884,0.0670572937130928,0.1075668832063675,0.1422410304571974,0.1075668832063675,0.0,0.0
omat24_baseline,21,0.01431026802212,0.09100695653259754,0.10187081468105316,0.1367572058953237,0.10187081468105316,0.0,0.0
omat24_muon_no_ortho,17,0.04119361638836563,0.15586139357089995,0.15321706914901734,0.19620151871575606,0.15321706914901734,0.0,0.0
omat24_baseline,27,0.006334583229385317,0.061058132112026216,0.09894045305252075,0.13297596162185468,0.09894045305252075,0.0,0.0
omat24_muon_firstk,17,0.018196357545442878,0.10345774200558662,0.10672881805896758,0.140301738222231,0.10672881805896758,0.0,0.0
omat24_muon,17,0.041145407984033225,0.15560841476917267,0.1643644059896469,0.20752898250823668,0.1643644059896469,0.0,0.0
omat24_baseline,22,0.015657159531489016,0.09490246340632438,0.1262969789505005,0.15989192834138577,0.1262969789505005,0.0,0.0
omat24_baseline,28,0.0060206193998456,0.06029572279751301,0.10137825059890747,0.13339275744564486,0.10137825059890747,0.0,0.0
omat24_muon_no_ortho,18,0.03885157827287913,0.1507176555097103,0.14587132859230043,0.1924581304755432,0.14587132859230043,0.0,0.0
omat24_muon_firstk,18,0.015691019162535666,0.0954504613429308,0.10127601850032807,0.1331868181287262,0.10127601850032807,0.0,0.0
omat24_baseline,23,0.011525479843840003,0.08246226598322391,0.10660869657993316,0.1412327447517132,0.10660869657993316,0.0,0.0
omat24_muon,18,0.03796459593251347,0.14870121923089027,0.23707106256484986,0.2869203513581284,0.23707106256484986,0.0,0.0
omat24_baseline,29,0.005356354237534106,0.056320678055286406,0.0975566782951355,0.13070153330616402,0.0975566782951355,0.0,0.0
omat24_baseline,24,0.009126679891720415,0.0737541824579239,0.13256427645683289,0.17125902388806274,0.13256427645683289,0.0,0.0
omat24_muon_no_ortho,19,0.0387738726362586,0.15088975715637207,0.15023959052562713,0.19528361694395868,0.15023959052562713,0.0,0.0
omat24_muon_firstk,19,0.01805137604661286,0.101991450086236,0.11784779500961304,0.15502526907907482,0.11784779500961304,0.0,0.0
omat24_muon,19,0.03832777886092663,0.14983393482863902,0.1521066598892212,0.19509925439118744,0.1521066598892212,0.0,0.0
omat24_baseline,30,0.004897568581625819,0.05399173252284527,0.10107617783546448,0.13190044503361037,0.10107617783546448,0.0,0.0
omat24_baseline,25,0.011284006049856543,0.0808918916285038,0.10051496016979218,0.1338452347943167,0.10051496016979218,0.0,0.0
omat24_muon_no_ortho,20,0.03628580077551305,0.14527323906123638,0.1449056408405304,0.18734006577433285,0.1449056408405304,0.0,0.0
omat24_muon_firstk,20,0.01471238574013114,0.09279938397556543,0.10396120434999466,0.1388731497813873,0.10396120434999466,0.0,0.0
omat24_muon,20,0.036295926144346596,0.14538484971225263,0.13834002161026002,0.18329951932672908,0.13834002161026002,0.0,0.0
omat24_baseline,31,0.004077196395490318,0.04943730519711971,0.09768662333488465,0.12865865812070182,0.09768662333488465,0.0,0.0
omat24_baseline,26,0.00805956113897264,0.0695164826363325,0.10688609874248504,0.14124986937609685,0.10688609874248504,0.0,0.0
omat24_baseline,32,0.0039028580975718798,0.04853435462713242,0.10270042979717255,0.13586944202769954,0.10270042979717255,0.0,0.0
omat24_muon_no_ortho,21,0.033714587524533275,0.1391675981134176,0.15512087953090667,0.201694912111389,0.15512087953090667,0.0,0.0
omat24_muon_firstk,21,0.012943266641348601,0.08774397330731154,0.10783791387081146,0.14041572098125835,0.10783791387081146,0.0,0.0
omat24_muon,21,0.03609995345398784,0.14460001976788045,0.14848559617996215,0.1949057454256637,0.14848559617996215,0.0,0.0
omat24_baseline,27,0.007467086480930448,0.06671341969072819,0.10883185517787933,0.14285869364663079,0.10883185517787933,0.0,0.0
omat24_baseline,33,0.005046222706325352,0.05516258244216442,0.09928968954086304,0.1318162456358297,0.09928968954086304,0.0,0.0
omat24_muon_no_ortho,22,0.03290468520112336,0.13774200670421125,0.13604647994041444,0.17855215713019934,0.13604647994041444,0.0,0.0
omat24_muon_firstk,22,0.011355097143910826,0.08192914287745953,0.11088978779315949,0.14613916068728663,0.11088978779315949,0.0,0.0
omat24_muon,22,0.03326621780730784,0.1394685393869877,0.13840069890022277,0.18118740423186167,0.13840069890022277,0.0,0.0
omat24_baseline,28,0.006947988566942513,0.0645046257674694,0.10787959516048432,0.14096266785068975,0.10787959516048432,0.0,0.0
omat24_baseline,34,0.005261576559860259,0.05594102624803782,0.09804722011089324,0.13041321851840826,0.09804722011089324,0.0,0.0
omat24_muon_no_ortho,23,0.03394979646801949,0.14069928780198096,0.13842282807826997,0.1816186785001485,0.13842282807826997,0.0,0.0
omat24_muon_firstk,23,0.010613968052435667,0.07952828858792782,0.10254639840126037,0.13523521098578753,0.10254639840126037,0.0,0.0
omat24_muon,23,0.03452006886899471,0.14193124447762967,0.14007426464557649,0.1839661934245506,0.14007426464557649,0.0,0.0
omat24_baseline,29,0.005932304071262479,0.05942089900374412,0.09827751874923706,0.1306755600847196,0.09827751874923706,0.0,0.0
omat24_baseline,35,0.005180090012960136,0.054941491916775706,0.0971272521018982,0.12823330790662665,0.0971272521018982,0.0,0.0
omat24_muon_no_ortho,24,0.03156181064248085,0.1352676867097616,0.13376272249221802,0.1770559459339081,0.13376272249221802,0.0,0.0
omat24_muon_firstk,24,0.009312100965064019,0.07453648541867733,0.09679604434967042,0.12805293687944908,0.09679604434967042,0.0,0.0
omat24_baseline,30,0.00559134295489639,0.058243031725287435,0.09641181659698486,0.12840064380817093,0.09641181659698486,0.0,0.0
omat24_baseline,36,0.004206461903173477,0.05017710369825363,0.0965082153081894,0.1304027646346528,0.0965082153081894,0.0,0.0
omat24_muon,24,0.03195695111900568,0.13585595646500587,0.13320128381252289,0.1761057773686637,0.13320128381252289,0.0,0.0
omat24_baseline,37,0.00447498845262453,0.0516710698902607,0.099758580327034,0.13267574983616365,0.099758580327034,0.0,0.0
omat24_baseline,31,0.0051856255754828455,0.055505724623799324,0.10422670769691467,0.13676706038203054,0.10422670769691467,0.0,0.0
omat24_muon_no_ortho,25,0.030932434858754278,0.13427419424057008,0.13434750401973725,0.17562775136278982,0.13434750401973725,0.0,0.0
omat24_muon_firstk,25,0.00816020693257451,0.07003722314536572,0.10263197886943817,0.13594459120571847,0.10263197886943817,0.0,0.0
omat24_muon,25,0.031922980524599555,0.13670449349284172,0.13742286324501038,0.17936975414965772,0.13742286324501038,0.0,0.0
omat24_baseline,38,0.004494130772072822,0.051909337624907494,0.09810563969612121,0.1319607063179866,0.09810563969612121,0.0,0.0
omat24_baseline,32,0.004411949966102838,0.051390387505292894,0.0960364899635315,0.1272222907989237,0.0960364899635315,0.0,0.0
omat24_muon_no_ortho,26,0.03242041160352528,0.13719748651981353,0.1357031307220459,0.17685966844801457,0.1357031307220459,0.0,0.0
omat24_muon_firstk,26,0.008170941455755382,0.07014497087150812,0.11104618930816651,0.14315790368711126,0.11104618930816651,0.0,0.0
omat24_muon,26,0.031191132014617325,0.13438609492778777,0.1539985818862915,0.19842442281691222,0.1539985818862915,0.0,0.0
omat24_baseline,39,0.003262916107196361,0.044072197251021863,0.10579579198360443,0.14012120485993954,0.10579579198360443,0.0,0.0
omat24_baseline,33,0.004596948228776455,0.05245429584383964,0.0979602233171463,0.13090246533031372,0.0979602233171463,0.0,0.0
omat24_muon_no_ortho,27,0.031013586331158877,0.13435440467298032,0.13022711765766143,0.171858488720314,0.13022711765766143,0.0,0.0
omat24_muon_firstk,27,0.008017740841954947,0.0692152603045106,0.09947758615016937,0.13209034855481167,0.09947758615016937,0.0,0.0
omat24_muon,27,0.030108297988772393,0.13163520461320877,0.1269424740076065,0.16708420811417796,0.1269424740076065,0.0,0.0
omat24_baseline,40,0.0036689885994419455,0.046874148532748225,0.09656804597377777,0.13067521496720966,0.09656804597377777,0.0,0.0
omat24_baseline,34,0.004811838983558118,0.053842626094818116,0.10868131136894225,0.1400965001680651,0.10868131136894225,0.0,0.0
omat24_muon_no_ortho,28,0.029534609746187924,0.1310443880110979,0.13769010424613953,0.18057224575769343,0.13769010424613953,0.0,0.0
omat24_muon_firstk,28,0.007036734402179718,0.06482500881701708,0.11007789218425751,0.14416771378325224,0.11007789218425751,0.0,0.0
omat24_muon,28,0.02928262224048376,0.1301660782843828,0.13242226016521455,0.17701325251851213,0.13242226016521455,0.0,0.0
omat24_baseline,35,0.004530608548782766,0.05162545489519835,0.09754094970226287,0.12791704246401595,0.09754094970226287,0.0,0.0
omat24_muon_no_ortho,29,0.030046202009543777,0.1315775602310896,0.12942875361442566,0.16980887305851508,0.12942875361442566,0.0,0.0
omat24_muon_firstk,29,0.006894595911260694,0.0642738585472107,0.09439152669906616,0.12652969520948604,0.09439152669906616,0.0,0.0
omat24_muon,29,0.02941218813881278,0.1305677802860737,0.130964457154274,0.17091392211517709,0.130964457154274,0.0,0.0
omat24_baseline,36,0.00366761339455843,0.04702946320176125,0.09650964558124542,0.12721028911085872,0.09650964558124542,0.0,0.0
omat24_muon_no_ortho,30,0.028179176282137633,0.12743636864423752,0.1366403226852417,0.17824911511644292,0.1366403226852417,0.0,0.0
omat24_muon_firstk,30,0.006564207410439849,0.06268299151211977,0.10358778512477874,0.1363037751648793,0.10358778512477874,0.0,0.0
omat24_baseline,37,0.003970980467274785,0.04919201982021332,0.09721339356899261,0.12857720485315827,0.09721339356899261,0.0,0.0
omat24_muon,30,0.028567487088963388,0.12803049789369106,0.12966661250591277,0.17076495419172508,0.12966661250591277,0.0,0.0
omat24_muon_no_ortho,31,0.02813694935105741,0.12727858346700668,0.12542394733428955,0.16624633120848328,0.12542394733428955,0.0,0.0
omat24_baseline,38,0.004183913469314575,0.05013987526297569,0.09878159213066101,0.12967338720769,0.09878159213066101,0.0,0.0
omat24_muon_firstk,31,0.005598131557926536,0.05775858676433563,0.09732925856113434,0.13103778394679066,0.09732925856113434,0.0,0.0
omat24_muon,31,0.02801734829135239,0.1266945407986641,0.12975208985805511,0.16944553366154214,0.12975208985805511,0.0,0.0
omat24_baseline,39,0.0036170041295699776,0.04655634316802025,0.09986820149421692,0.13042029046192594,0.09986820149421692,0.0,0.0
omat24_muon_no_ortho,32,0.027964422568678857,0.12714535592496395,0.12907974278926848,0.16926957481112048,0.12907974278926848,0.0,0.0
omat24_muon_firstk,32,0.005568273421376943,0.05835422255843878,0.09753268206119538,0.12790486518633065,0.09753268206119538,0.0,0.0
omat24_muon,32,0.027923715483397244,0.1273426398038864,0.14594822263717652,0.18691551570666237,0.14594822263717652,0.0,0.0
omat24_baseline,40,0.0035108193699270487,0.045911168217659,0.09790770363807678,0.13084298535094627,0.09790770363807678,0.0,0.0
omat24_muon_no_ortho,33,0.02672991174273193,0.12338333536684513,0.12940553486347198,0.1714527075253223,0.12940553486347198,0.0,0.0
omat24_muon_firstk,33,0.005549217215273529,0.05771508812904358,0.0977527527809143,0.13079967907866574,0.0977527527809143,0.0,0.0
omat24_muon,33,0.02584346458502114,0.12138990950584412,0.12888261413574217,0.17038189489150854,0.12888261413574217,0.0,0.0
omat24_muon_no_ortho,34,0.026273974362760782,0.12242201343178749,0.13851705527305602,0.18045155084075162,0.13851705527305602,0.0,0.0
omat24_muon_firstk,34,0.00495697340532206,0.054446465566754344,0.09271419024467469,0.12292169191573044,0.09271419024467469,0.0,0.0
omat24_muon,34,0.02616423539444804,0.12185258670151233,0.13066528499126434,0.17074339773481845,0.13066528499126434,0.0,0.0
omat24_muon_no_ortho,35,0.025735961224883794,0.12091135787963868,0.1298363697528839,0.17132419795638046,0.1298363697528839,0.0,0.0
omat24_muon_firstk,35,0.004202656398527324,0.05049949445575476,0.09457076430320739,0.12528392994032259,0.09457076430320739,0.0,0.0
omat24_muon,35,0.025898611817508937,0.12147823671996594,0.12677806949615478,0.1674051633977242,0.12677806949615478,0.0,0.0
omat24_muon_no_ortho,36,0.024597833724692465,0.11894715701043605,0.13539796471595764,0.178788610703254,0.13539796471595764,0.0,0.0
omat24_muon_firstk,36,0.004565460799494758,0.0521939832046628,0.11167072832584381,0.1502821098306212,0.11167072832584381,0.0,0.0
omat24_muon,36,0.024217498801648616,0.11755576647818089,0.1393809996843338,0.1832141584152522,0.1393809996843338,0.0,0.0
omat24_muon_no_ortho,37,0.024985375257208942,0.1195562187731266,0.13346295726299287,0.17459364587655418,0.13346295726299287,0.0,0.0
omat24_muon_firstk,37,0.005043968509184197,0.054938467033207414,0.09275185507535934,0.12631550328904334,0.09275185507535934,0.0,0.0
omat24_muon,37,0.02471767407655716,0.11935614943504333,0.12407674181461334,0.16309600141162342,0.12407674181461334,0.0,0.0
omat24_muon_no_ortho,38,0.024590999204665422,0.11792388005554676,0.1282417504787445,0.1682719074691369,0.1282417504787445,0.0,0.0
omat24_muon_firstk,38,0.004124213197035715,0.04982405036687851,0.10542069280147552,0.14105093939129296,0.10542069280147552,0.0,0.0
omat24_muon,38,0.02425692347623408,0.11757831373810768,0.1259947626590729,0.16558720845794123,0.1259947626590729,0.0,0.0
omat24_muon_no_ortho,39,0.02482000571116805,0.11969168539345264,0.12642312264442443,0.16537947738335837,0.12642312264442443,0.0,0.0
omat24_muon_firstk,39,0.004150330274831504,0.05002565891295672,0.0981433699131012,0.13019515818378724,0.0981433699131012,0.0,0.0
omat24_muon,39,0.02432327599450946,0.11814005669951438,0.13439375829696656,0.17285869381089458,0.13439375829696656,0.0,0.0
omat24_muon_no_ortho,40,0.023265460916794836,0.11558016628026963,0.12135913133621216,0.16137207711798718,0.12135913133621216,0.0,0.0
omat24_muon_firstk,40,0.0041162236558739095,0.04941411891579628,0.09007362413406372,0.12124274974461326,0.09007362413406372,0.0,0.0
omat24_muon,40,0.023161152780056,0.11492299221456051,0.16460617661476135,0.2089519030575832,0.16460617661476135,0.0,0.0
